id,case,date
1,Loaves & Fishes Inc.,10/22/2016 06:29:44 PM
2,Loaves & Fishes Inc.,10/22/2016 06:29:44 PM
3,Our Lady's Inn,10/22/2016 06:29:44 PM
4,Our Lady's Inn,10/22/2016 06:29:44 PM
5,Saint Patrick Center - Women's Night,10/22/2016 06:29:44 PM
6,12th & Park Shelter,10/22/2016 06:29:44 PM
7,Gateway 180,10/22/2016 06:29:44 PM
8,Peter & Paul,10/22/2016 06:29:44 PM
9,Our Lady's Inn,10/22/2016 06:29:44 PM
10,Loaves & Fishes Inc.,10/22/2016 06:29:44 PM
11,Salvation Army Family Haven,10/22/2016 06:29:44 PM
12,Loaves & Fishes Inc.,10/22/2016 06:29:44 PM
13,Salvation Army Family Haven,10/22/2016 06:29:44 PM
14,Gateway 180,10/22/2016 06:29:44 PM
15,Saint Patrick Center - Women's Night,10/22/2016 06:29:44 PM
16,Loaves & Fishes Inc.,10/22/2016 06:29:44 PM
17,Saint Patrick Center - Women's Night,10/22/2016 06:29:44 PM
18,Gateway 180,10/22/2016 06:29:44 PM
19,12th & Park Shelter,10/22/2016 06:29:44 PM
20,Loaves & Fishes Inc.,10/22/2016 06:29:44 PM
21,Our Lady's Inn,10/22/2016 06:29:44 PM
22,Room at The Inn,10/22/2016 06:29:44 PM
23,Saint Patrick Center - Women's Night,10/22/2016 06:29:44 PM
24,Loaves & Fishes Inc.,10/22/2016 06:29:44 PM
25,Saint Patrick Center - Women's Night,10/22/2016 06:29:44 PM
26,Our Lady's Inn,10/22/2016 06:29:44 PM
27,Gateway 180,10/22/2016 06:29:44 PM
28,Salvation Army Family Haven,10/22/2016 06:29:44 PM
29,Salvation Army Family Haven,10/22/2016 06:29:44 PM
30,Saint Patrick Center - Women's Night,10/22/2016 06:29:44 PM
31,Loaves & Fishes Inc.,10/22/2016 06:29:44 PM
32,Our Lady's Inn,10/22/2016 06:29:44 PM
33,Room at The Inn,10/22/2016 06:29:44 PM
34,Room at The Inn,10/22/2016 06:29:44 PM
35,Our Lady's Inn,10/22/2016 06:29:44 PM
36,Loaves & Fishes Inc.,10/22/2016 06:29:44 PM
37,Room at The Inn,10/22/2016 06:29:44 PM
38,Salvation Army Family Haven,10/22/2016 06:29:44 PM
39,Salvation Army Family Haven,10/22/2016 06:29:44 PM
40,Peter & Paul,10/22/2016 06:29:44 PM
41,Saint Patrick Center - Women's Night,10/22/2016 06:29:44 PM
42,Our Lady's Inn,10/22/2016 06:29:44 PM
43,Salvation Army Family Haven,10/22/2016 06:29:44 PM
44,Peter & Paul,10/22/2016 06:29:44 PM
45,Saint Patrick Center - Women's Night,10/22/2016 06:29:44 PM
46,12th & Park Shelter,10/22/2016 06:29:44 PM
47,Peter & Paul,10/22/2016 06:29:44 PM
48,Peter & Paul,10/22/2016 06:29:44 PM
49,Gateway 180,10/22/2016 06:29:44 PM
50,12th & Park Shelter,10/22/2016 06:29:44 PM
51,Peter & Paul,10/22/2016 06:29:44 PM
52,Loaves & Fishes Inc.,10/22/2016 06:29:44 PM
53,Loaves & Fishes Inc.,10/22/2016 06:29:44 PM
54,Our Lady's Inn,10/22/2016 06:29:44 PM
55,Room at The Inn,10/22/2016 06:29:44 PM
56,Saint Patrick Center - Women's Night,10/22/2016 06:29:44 PM
57,12th & Park Shelter,10/22/2016 06:29:44 PM
58,12th & Park Shelter,10/22/2016 06:29:44 PM
59,Salvation Army Family Haven,10/22/2016 06:29:44 PM
60,Gateway 180,10/22/2016 06:29:44 PM
61,Our Lady's Inn,10/22/2016 06:29:44 PM
62,Salvation Army Family Haven,10/22/2016 06:29:44 PM
63,Room at The Inn,10/22/2016 06:29:44 PM
64,12th & Park Shelter,10/22/2016 06:29:44 PM
65,Our Lady's Inn,10/22/2016 06:29:44 PM
66,Saint Patrick Center - Women's Night,10/22/2016 06:29:44 PM
67,Room at The Inn,10/22/2016 06:29:44 PM
68,12th & Park Shelter,10/22/2016 06:29:44 PM
69,Room at The Inn,10/22/2016 06:29:44 PM
70,Salvation Army Family Haven,10/22/2016 06:29:44 PM
71,12th & Park Shelter,10/22/2016 06:29:44 PM
72,Gateway 180,10/22/2016 06:29:44 PM
73,12th & Park Shelter,10/22/2016 06:29:44 PM
74,Peter & Paul,10/22/2016 06:29:44 PM
75,12th & Park Shelter,10/22/2016 06:29:44 PM
76,Room at The Inn,10/22/2016 06:29:44 PM
77,Salvation Army Family Haven,10/22/2016 06:29:44 PM
78,Room at The Inn,10/22/2016 06:29:44 PM
79,Room at The Inn,10/22/2016 06:29:44 PM
80,Saint Patrick Center - Women's Night,10/22/2016 06:29:44 PM
81,Peter & Paul,10/22/2016 06:29:44 PM